{"data_time": 0.02043940732255578, "eta_seconds": 640.3683062572964, "fast_rcnn/cls_accuracy": 0.8115885416666666, "fast_rcnn/false_negative": 0.4945454545454545, "fast_rcnn/fg_cls_accuracy": 0.013336575875486381, "iteration": 19, "loss_box_reg": 21.929251670837402, "loss_cls": 137.10096740722656, "loss_rpn_cls": 1.8217113614082336, "loss_rpn_loc": 9.71303653717041, "lr": 0.001470076923076923, "rank_data_time": 0.02043940732255578, "roi_head/num_bg_samples": 225.4375, "roi_head/num_fg_samples": 12.5, "rpn/num_neg_anchors": 217.28125, "rpn/num_pos_anchors": 38.71875, "time": 0.4732951265759766, "total_loss": 203.49122267961502}
{"eta_seconds": 637.027219677344, "fast_rcnn/cls_accuracy": 0.8940104166666667, "fast_rcnn/false_negative": 0.5973684210526315, "fast_rcnn/fg_cls_accuracy": 0.011934136851096138, "iteration": 23, "roi_head/num_bg_samples": 225.6875, "roi_head/num_fg_samples": 13.78125, "rpn/num_neg_anchors": 216.875, "rpn/num_pos_anchors": 39.125}
{"data_time": 0.020680255256593227, "iteration": 22, "loss_box_reg": 36.418935775756836, "loss_cls": 137.10096740722656, "loss_rpn_cls": 1.8217113614082336, "loss_rpn_loc": 8.62082290649414, "lr": 0.0017006153846153846, "rank_data_time": 0.020680255256593227, "time": 0.47454007249325514, "total_loss": 203.49122267961502}
